{"cameraMode":{"drawMode":0,"name":"Shaded","section":"Shading Mode"},"sceneLighting":false,"audioPlay":false,"sceneViewState":{"m_AlwaysRefresh":false,"showFog":true,"showSkybox":false,"showFlares":true,"showImageEffects":true,"showParticleSystems":true,"showVisualEffectGraphs":true,"m_FxEnabled":true},"in2DMode":false,"pivot":{"x":0.4435204267501831,"y":-3.7443504333496095,"z":-18.767181396484376},"rotation":{"x":0.006776085589081049,"y":-0.9559040665626526,"z":0.292880117893219,"w":0.02209104411303997},"size":17.580371856689454,"orthographic":false}